Environment,Year,Plot,Genotype,Block,Replication,Row,Column,Line.type,Days.to.flowering,Height,Yield
Env1,2019,322,1,4,1,4,59,entry,116,108.3,3146
Env1,2019,221,2,3,1,3,31,entry,95,104.6,3358
Env1,2019,271,3,3,1,3,81,entry,93,113.1,2989
Env1,2019,131,4,2,1,2,60,entry,96,101.4,3113
Env1,2019,109,5,2,1,2,82,entry,100,104.8,3080
Env1,2019,198,6,3,1,3,8,entry,93,119.2,3341
Env1,2019,320,7,4,1,4,61,entry,95,117.4,3075
Env1,2019,356,8,4,1,4,25,entry,95,126.3,3160
Env1,2019,125,9,2,1,2,66,entry,100,106.6,3779
Env1,2019,56,10,1,1,1,56,entry,116,117.5,3671
Env1,2019,278,11,3,1,3,88,entry,96,118.7,4029
Env1,2019,216,12,3,1,3,26,entry,92,108.1,2580
Env1,2019,129,13,2,1,2,62,entry,96,127.1,4430
Env1,2019,370,14,4,1,4,11,entry,95,124.5,5261
Env1,2019,200,15,3,1,3,10,entry,96,93.9,3743
Env1,2019,141,16,2,1,2,50,entry,101,113.2,4741
Env1,2019,353,17,4,1,4,28,entry,100,106.7,3982
Env1,2019,276,18,3,1,3,86,entry,99,97.6,5715
Env1,2019,371,19,4,1,4,10,entry,105,109.7,5178
Env1,2019,65,20,1,1,1,65,entry,102,103,5396
Env1,2019,111,21,2,1,2,80,entry,92,101.8,3347
Env1,2019,359,22,4,1,4,22,entry,96,90.9,3044
Env1,2019,363,23,4,1,4,18,entry,103,113.9,4301
Env1,2019,184,24,2,1,2,7,entry,102,114.5,3812
Env1,2019,161,25,2,1,2,30,entry,105,106.2,3473
Env1,2019,205,26,3,1,3,15,entry,98,95.8,4645
Env1,2019,223,27,3,1,3,33,entry,94,104.2,3927
Env1,2019,369,28,4,1,4,12,entry,104,112,5484
Env1,2019,130,29,2,1,2,61,entry,100,102.4,4367
Env1,2019,337,30,4,1,4,44,entry,97,114.1,4122
Env1,2019,218,31,3,1,3,28,entry,95,96.2,3479
Env1,2019,341,32,4,1,4,40,entry,97,105.7,4084
Env1,2019,150,33,2,1,2,41,entry,100,104.3,2896
Env1,2019,16,34,1,1,1,16,entry,100,105.1,4637
Env1,2019,354,35,4,1,4,27,entry,97,105.2,3845
Env1,2019,24,36,1,1,1,24,entry,92,103.9,3597
Env1,2019,340,37,4,1,4,41,entry,106,102.4,2283
Env1,2019,19,38,1,1,1,19,entry,97,99.6,2962
Env1,2019,86,39,1,1,1,86,entry,99,102.7,3839
Env1,2019,31,40,1,1,1,31,entry,102,107.1,4309
Env1,2019,272,41,3,1,3,82,entry,97,110.6,4194
Env1,2019,108,42,2,1,2,83,entry,100,113.8,4689
Env1,2019,330,43,4,1,4,51,entry,106,112.9,4994
Env1,2019,41,44,1,1,1,41,entry,105,110.6,4780
Env1,2019,292,45,4,1,4,89,entry,92,138.3,3757
Env1,2019,227,46,3,1,3,37,entry,96,99,4150
Env1,2019,8,47,1,1,1,8,entry,99,105.1,4573
Env1,2019,324,48,4,1,4,57,entry,96,97.9,4092
Env1,2019,10,49,1,1,1,10,entry,95,97.4,3506
Env1,2019,60,50,1,1,1,60,entry,94,104.8,2629
Env1,2019,289,51,4,1,4,92,entry,100,105.9,4898
Env1,2019,137,52,2,1,2,54,entry,95,89.5,3242
Env1,2019,312,53,4,1,4,69,entry,100,86.9,4114
Env1,2019,156,54,2,1,2,35,entry,93,99.8,2698
Env1,2019,333,55,4,1,4,48,entry,97,104.5,4934
Env1,2019,342,56,4,1,4,39,entry,104,107.4,4620
Env1,2019,6,57,1,1,1,6,entry,92,94.9,3713
Env1,2019,244,58,3,1,3,54,entry,91,101.1,3347
Env1,2019,73,59,1,1,1,73,entry,98,105.1,4120
Env1,2019,64,60,1,1,1,64,entry,102,111.9,4364
Env1,2019,201,61,3,1,3,11,entry,93,107.1,3286
Env1,2019,163,62,2,1,2,28,entry,114,102.8,4507
Env1,2019,21,63,1,1,1,21,entry,129,120.1,3759
Env1,2019,301,64,4,1,4,80,entry,104,123.9,4502
Env1,2019,48,65,1,1,1,48,entry,133,139.7,4846
Env1,2019,186,66,2,1,2,5,entry,126,150.9,4406
Env1,2019,166,67,2,1,2,25,entry,130,111.4,5118
Env1,2019,222,68,3,1,3,32,entry,117,111.9,4279
Env1,2019,268,69,3,1,3,78,entry,119,116.9,3955
Env1,2019,326,70,4,1,4,55,entry,101,125.2,3105
Env1,2019,13,71,1,1,1,13,entry,125,138.1,3930
Env1,2019,181,72,2,1,2,10,entry,124,137.8,4304
Env1,2019,23,73,1,1,1,23,entry,124,142.5,4026
Env1,2019,50,74,1,1,1,50,entry,110,128,3908
Env1,2019,95,75,1,1,1,95,entry,133,113.3,3328
Env1,2019,26,76,1,1,1,26,entry,135,110.8,3735
Env1,2019,9,77,1,1,1,9,entry,106,114.6,5055
Env1,2019,28,78,1,1,1,28,entry,117,106.6,4395
Env1,2019,246,79,3,1,3,56,entry,114,112.5,3567
Env1,2019,133,80,2,1,2,58,entry,118,95.4,3234
Env1,2019,204,81,3,1,3,14,entry,106,115.2,4298
Env1,2019,27,82,1,1,1,27,entry,99,129.4,2624
Env1,2019,97,83,2,1,2,94,entry,118,124.2,4103
Env1,2019,37,84,1,1,1,37,entry,105,110.2,5346
Env1,2019,300,85,4,1,4,81,entry,104,118.9,4298
Env1,2019,220,86,3,1,3,30,entry,106,94.7,3176
Env1,2019,230,87,3,1,3,40,entry,110,120.9,5368
Env1,2019,267,88,3,1,3,77,entry,110,111.1,4961
Env1,2019,261,89,3,1,3,71,entry,110,113.3,3872
Env1,2019,314,90,4,1,4,67,entry,108,97,3091
Env1,2019,155,91,2,1,2,36,entry,139,111.7,2148
Env1,2019,257,92,3,1,3,67,entry,138,107.5,4023
Env1,2019,335,93,4,1,4,46,entry,118,144.9,5926
Env1,2019,264,94,3,1,3,74,entry,123,128.7,4785
Env1,2019,174,95,2,1,2,17,entry,113,146.7,5456
Env1,2019,243,96,3,1,3,53,entry,119,146.6,4166
Env1,2019,43,97,1,1,1,43,entry,132,125.5,4994
Env1,2019,189,98,2,1,2,2,entry,121,127.8,4972
Env1,2019,106,99,2,1,2,85,entry,124,126.6,4722
Env1,2019,61,100,1,1,1,61,entry,110,129.4,5299
Env1,2019,96,101,2,1,2,95,entry,128,121.8,2599
Env1,2019,310,102,4,1,4,71,entry,106,127.5,5335
Env1,2019,280,103,3,1,3,90,entry,100,135.4,3124
Env1,2019,29,104,1,1,1,29,entry,95,114.9,4227
Env1,2019,104,105,2,1,2,87,entry,100,120.2,4747
Env1,2019,215,106,3,1,3,25,entry,103,104.8,5088
Env1,2019,160,107,2,1,2,31,entry,106,111.8,5321
Env1,2019,259,108,3,1,3,69,entry,134,125.8,5055
Env1,2019,336,109,4,1,4,45,entry,104,108.7,4587
Env1,2019,373,110,4,1,4,8,entry,96,122.2,4309
Env1,2019,325,111,4,1,4,56,entry,102,103.5,3317
Env1,2019,114,112,2,1,2,77,entry,106,93.5,3542
Env1,2019,197,113,3,1,3,7,entry,110,104.1,2973
Env1,2019,298,114,4,1,4,83,entry,110,136.8,6292
Env1,2019,347,115,4,1,4,34,entry,118,115.3,4802
Env1,2019,228,116,3,1,3,38,entry,88,88,1700
Env1,2019,178,117,2,1,2,13,entry,110,103.1,3328
Env1,2019,171,118,2,1,2,20,entry,108,102.1,4461
Env1,2019,34,119,1,1,1,34,entry,106,104.4,4235
Env1,2019,236,120,3,1,3,46,entry,96,96.3,3003
Env1,2019,317,121,4,1,4,64,entry,95,109.8,4389
Env1,2019,297,122,4,1,4,84,entry,104,107.4,4444
Env1,2019,132,123,2,1,2,59,entry,97,99.8,4199
Env1,2019,208,124,3,1,3,18,entry,120,128.7,4210
Env1,2019,275,125,3,1,3,85,entry,121,123.2,5497
Env1,2019,112,126,2,1,2,79,entry,99,100.5,3748
Env1,2019,47,127,1,1,1,47,entry,102,112.2,4153
Env1,2019,157,128,2,1,2,34,entry,100,126.5,3234
Env1,2019,103,129,2,1,2,88,entry,102,100.8,4876
Env1,2019,113,130,2,1,2,78,entry,110,97.9,3278
Env1,2019,90,131,1,1,1,90,entry,99,103.9,3495
Env1,2019,192,132,3,1,3,2,entry,103,101,4463
Env1,2019,237,133,3,1,3,47,entry,114,97.6,3792
Env1,2019,256,134,3,1,3,66,entry,103,92.2,3905
Env1,2019,185,135,2,1,2,6,entry,103,113.6,4991
Env1,2019,263,136,3,1,3,73,entry,93,95.4,2855
Env1,2019,159,137,2,1,2,32,entry,118,101.3,4551
Env1,2019,76,138,1,1,1,76,entry,102,122.2,4945
Env1,2019,273,139,3,1,3,83,entry,104,104.6,4169
Env1,2019,376,140,4,1,4,5,entry,97,111.4,4348
Env1,2019,367,141,4,1,4,14,entry,96,99.1,4452
Env1,2019,154,142,2,1,2,37,entry,100,109.3,3649
Env1,2019,352,143,4,1,4,29,entry,100,107.2,5173
Env1,2019,378,144,4,1,4,3,entry,94,94,3641
Env1,2019,299,145,4,1,4,82,entry,104,108.4,3647
Env1,2019,372,146,4,1,4,9,entry,118,130.7,6122
Env1,2019,85,147,1,1,1,85,entry,96,121,4659
Env1,2019,187,148,2,1,2,4,entry,100,112.1,3867
Env1,2019,260,149,3,1,3,70,entry,96,111.4,3347
Env1,2019,231,150,3,1,3,41,entry,104,109.1,5019
Env1,2019,128,151,2,1,2,63,entry,118,102,5071
Env1,2019,7,152,1,1,1,7,entry,110,125.7,6454
Env1,2019,177,153,2,1,2,14,entry,102,97.3,4587
Env1,2019,69,154,1,1,1,69,entry,110,112.6,4417
Env1,2019,234,155,3,1,3,44,entry,109,97.1,3366
Env1,2019,274,156,3,1,3,84,entry,104,112.5,4670
Env1,2019,379,157,4,1,4,2,entry,97,115.9,4480
Env1,2019,190,158,2,1,2,1,entry,103,126.2,5412
Env1,2019,331,159,4,1,4,50,entry,97,108,4934
Env1,2019,175,160,2,1,2,16,entry,93,97.4,3814
Env1,2019,348,161,4,1,4,33,entry,96,110.3,4694
Env1,2019,207,162,3,1,3,17,entry,96,105.5,4045
Env1,2019,176,163,2,1,2,15,entry,92,106.4,3196
Env1,2019,304,164,4,1,4,77,entry,110,106.1,6166
Env1,2019,269,165,3,1,3,79,entry,110,105.5,5431
Env1,2019,71,166,1,1,1,71,entry,94,126.8,4747
Env1,2019,20,167,1,1,1,20,entry,102,118.5,4785
Env1,2019,375,168,4,1,4,6,entry,95,113.9,5233
Env1,2019,82,169,1,1,1,82,entry,102,116.8,5357
Env1,2019,102,170,2,1,2,89,entry,100,101.8,5129
Env1,2019,206,171,3,1,3,16,entry,104,121.4,4760
Env1,2019,88,172,1,1,1,88,entry,98,103.3,2533
Env1,2019,240,173,3,1,3,50,entry,100,101.1,3017
Env1,2019,334,174,4,1,4,47,entry,107,114.9,4076
Env1,2019,3,175,1,1,1,3,entry,102,108.3,4818
Env1,2019,99,176,2,1,2,92,entry,108,103.6,4758
Env1,2019,318,177,4,1,4,63,entry,99,113.9,3627
Env1,2019,242,178,3,1,3,52,entry,104,110.9,5115
Env1,2019,98,179,2,1,2,93,entry,110,121.2,4571
Env1,2019,329,180,4,1,4,52,entry,96,111.8,5123
Env1,2019,35,181,1,1,1,35,entry,106,112.6,3971
Env1,2019,144,182,2,1,2,47,entry,106,105.8,4766
Env1,2019,338,183,4,1,4,43,entry,84,77.6,2725
Env1,2019,199,184,3,1,3,9,entry,108,108.4,4395
Env1,2019,303,185,4,1,4,78,entry,107,102.8,3757
Env1,2019,290,186,4,1,4,91,entry,106,104.5,4568
Env1,2019,321,187,4,1,4,60,entry,103,100.7,4579
Env1,2019,224,188,3,1,3,34,entry,93,111.4,4804
Env1,2019,126,189,2,1,2,65,entry,108,105.3,3924
Env1,2019,52,190,1,1,1,52,entry,102,102.5,5038
Env1,2019,219,191,3,1,3,29,entry,97,108.9,3820
Env1,2019,313,192,4,1,4,68,entry,100,110,3539
Env1,2019,25,193,1,1,1,25,entry,97,123.4,5415
Env1,2019,225,194,3,1,3,35,entry,90,117.3,3355
Env1,2019,282,195,3,1,3,92,entry,104,101.8,4848
Env1,2019,149,196,2,1,2,42,entry,102,110,4428
Env1,2019,1,197,1,1,1,1,entry,94,114.5,4958
Env1,2019,339,198,4,1,4,42,entry,92,89.9,2855
Env1,2019,180,199,2,1,2,11,entry,97,100.6,3823
Env1,2019,116,200,2,1,2,75,entry,123,97.5,5426
Env1,2019,351,201,4,1,4,30,entry,93,95,3091
Env1,2019,349,202,4,1,4,32,entry,124,98.1,2742
Env1,2019,361,203,4,1,4,20,entry,110,114.9,5926
Env1,2019,22,204,1,1,1,22,entry,101,110.1,4510
Env1,2019,5,205,1,1,1,5,entry,105,111.2,5041
Env1,2019,77,206,1,1,1,77,entry,99,106.1,3647
Env1,2019,235,207,3,1,3,45,entry,104,121.9,5475
Env1,2019,55,208,1,1,1,55,entry,98,100.6,2063
Env1,2019,319,209,4,1,4,62,entry,106,125.1,4318
Env1,2019,51,210,1,1,1,51,entry,102,98,4846
Env1,2019,309,211,4,1,4,72,entry,103,113.4,4727
Env1,2019,89,212,1,1,1,89,entry,96,104.5,3539
Env1,2019,202,213,3,1,3,12,entry,89,96.9,2024
Env1,2019,287,214,4,1,4,94,entry,106,94.8,4329
Env1,2019,68,215,1,1,1,68,entry,91,93,2489
Env1,2019,44,216,1,1,1,44,entry,94,93.1,3487
Env1,2019,362,217,4,1,4,19,entry,94,96.5,3435
Env1,2019,148,218,2,1,2,43,entry,96,92.9,3484
Env1,2019,209,219,3,1,3,19,entry,100,90.5,3545
Env1,2019,302,220,4,1,4,79,entry,103,118.8,4854
Env1,2019,59,221,1,1,1,59,entry,110,177.9,3715
Env1,2019,57,222,1,1,1,57,entry,96,103.4,2998
Env1,2019,211,223,3,1,3,21,entry,103,111.7,5244
Env1,2019,45,224,1,1,1,45,entry,97,86.5,2511
Env1,2019,162,225,2,1,2,29,entry,104,115.7,3823
Env1,2019,32,226,1,1,1,32,entry,104,114.4,4450
Env1,2019,123,227,2,1,2,68,entry,110,110.9,5068
Env1,2019,2,228,1,1,1,2,entry,105,103.1,5660
Env1,2019,30,229,1,1,1,30,entry,99,114.4,4164
Env1,2019,350,230,4,1,4,31,entry,96,107.6,3996
Env1,2019,67,231,1,1,1,67,entry,93,98.5,4001
Env1,2019,66,232,1,1,1,66,entry,98,107.1,4001
Env1,2019,305,233,4,1,4,76,entry,88,72.6,2626
Env1,2019,49,234,1,1,1,49,entry,102,107.8,5203
Env1,2019,233,235,3,1,3,43,entry,103,98,4650
Env1,2019,294,236,4,1,4,87,entry,102,104.7,4414
Env1,2019,343,237,4,1,4,38,entry,122,101.7,3204
Env1,2019,179,238,2,1,2,12,entry,93,89,2541
Env1,2019,291,239,4,1,4,90,entry,97,100.1,3913
Env1,2019,345,240,4,1,4,36,entry,92,98.7,3528
Env1,2019,36,241,1,1,1,36,entry,128,130.1,4378
Env1,2019,12,242,1,1,1,12,entry,96,86.9,4293
Env1,2019,139,243,2,1,2,52,entry,96,85.7,2547
Env1,2019,173,244,2,1,2,18,entry,123,114.1,4873
Env1,2019,188,245,2,1,2,3,entry,96,92.9,3396
Env1,2019,214,246,3,1,3,24,entry,96,90.4,3003
Env1,2019,213,247,3,1,3,23,entry,98,102.6,3861
Env1,2019,140,248,2,1,2,51,entry,132,107,4084
Env1,2019,54,249,1,1,1,54,entry,106,103,3735
Env1,2019,118,250,2,1,2,73,entry,92,76,1755
Env1,2019,308,251,4,1,4,73,entry,117,147.3,2544
Env1,2019,121,252,2,1,2,70,entry,108,97.3,4353
Env1,2019,241,253,3,1,3,51,entry,106,121.7,4450
Env1,2019,284,254,3,1,3,94,entry,106,96.7,4260
Env1,2019,277,255,3,1,3,87,entry,104,104.1,4917
Env1,2019,40,256,1,1,1,40,entry,99,103,4689
Env1,2019,100,257,2,1,2,91,entry,94,106.4,4059
Env1,2019,110,258,2,1,2,81,entry,96,96.3,3256
Env1,2019,251,259,3,1,3,61,entry,96,93.6,3099
Env1,2019,344,260,4,1,4,37,entry,103,97.2,4417
Env1,2019,87,261,1,1,1,87,entry,99,99.3,3597
Env1,2019,183,262,2,1,2,8,entry,97,107.3,3468
Env1,2019,196,263,3,1,3,6,entry,106,106.9,3616
Env1,2019,249,264,3,1,3,59,entry,104,99.8,4997
Env1,2019,377,265,4,1,4,4,entry,92,100.2,4969
Env1,2019,122,266,2,1,2,69,entry,108,91.3,4469
Env1,2019,245,267,3,1,3,55,entry,95,93.5,3336
Env1,2019,283,268,3,1,3,93,entry,106,95.7,4386
Env1,2019,368,269,4,1,4,13,entry,96,105.4,5497
Env1,2019,42,270,1,1,1,42,entry,94,101.5,3699
Env1,2019,79,271,1,1,1,79,entry,96,93.9,3462
Env1,2019,92,272,1,1,1,92,entry,100,100.1,4103
Env1,2019,39,273,1,1,1,39,entry,99,95.6,3075
Env1,2019,194,274,3,1,3,4,entry,99,98.2,3691
Env1,2019,191,275,3,1,3,1,entry,103,108.1,3801
Env1,2019,124,276,2,1,2,67,entry,99,99.2,3674
Env1,2019,53,277,1,1,1,53,entry,96,95.2,3064
Env1,2019,366,278,4,1,4,15,entry,94,102.8,3586
Env1,2019,210,279,3,1,3,20,entry,98,99.8,3886
Env1,2019,4,280,1,1,1,4,entry,118,120.9,4381
Env1,2019,170,281,2,1,2,21,entry,106,108.1,3721
Env1,2019,346,282,4,1,4,35,entry,104,112.8,4364
Env1,2019,232,283,3,1,3,42,entry,86,91.5,2679
Env1,2019,115,284,2,1,2,76,entry,92,98.9,3509
Env1,2019,74,285,1,1,1,74,entry,86,109.9,3941
Env1,2019,323,286,4,1,4,58,entry,97,95.1,3498
Env1,2019,279,287,3,1,3,89,entry,90,113.9,2244
Env1,2019,152,288,2,1,2,39,entry,144,151.5,2299
Env1,2019,15,289,1,1,1,15,entry,142,151.2,4356
Env1,2019,327,290,4,1,4,54,entry,142,120.7,3179
Env1,2019,169,291,2,1,2,22,entry,151,110.2,1757
Env1,2019,138,292,2,1,2,53,entry,100,125.5,4846
Env1,2019,262,293,3,1,3,72,entry,153,135.1,4136
Env1,2019,147,294,2,1,2,44,entry,136.7,143.5,1708
Env1,2019,285,295,3,1,3,95,entry,135,103.3,2395
Env1,2019,143,296,2,1,2,48,entry,145,102.4,3402
Env1,2019,265,297,3,1,3,75,entry,151,110.6,2076
Env1,2019,172,298,2,1,2,19,entry,92,102,3677
Env1,2019,238,299,3,1,3,48,entry,90,90.1,2698
Env1,2019,355,300,4,1,4,26,entry,100,110.5,3674
Env1,2019,38,301,1,1,1,38,entry,93,108.9,3179
Env1,2019,78,302,1,1,1,78,entry,89,94.1,2613
Env1,2019,134,303,2,1,2,57,entry,97,105.8,3996
Env1,2019,226,304,3,1,3,36,entry,110,97.8,3856
Env1,2019,182,305,2,1,2,9,entry,104,123.5,3889
Env1,2019,105,306,2,1,2,86,entry,93,91.2,3341
Env1,2019,358,307,4,1,4,23,entry,93,102.4,3845
Env1,2019,307,308,4,1,4,74,entry,128,114.3,4312
Env1,2019,135,309,2,1,2,56,entry,123,107.4,4271
Env1,2019,365,310,4,1,4,16,entry,95,109.7,5104
Env1,2019,239,311,3,1,3,49,entry,93,104.7,3691
Env1,2019,258,312,3,1,3,68,entry,95,91.2,4315
Env1,2019,58,313,1,1,1,58,entry,114,108.5,5211
Env1,2019,80,314,1,1,1,80,entry,118,111.6,4419
Env1,2019,252,315,3,1,3,62,entry,109,102.3,4562
Env1,2019,306,316,4,1,4,75,entry,84,105.5,4692
Env1,2019,33,317,1,1,1,33,entry,85,93.4,3850
Env1,2019,266,318,3,1,3,76,entry,103,119.8,4576
Env1,2019,17,319,1,1,1,17,entry,96,88,3328
Env1,2019,101,320,2,1,2,90,entry,100,105.6,2879
Env1,2019,46,321,1,1,1,46,entry,95,103.6,2591
Env1,2019,295,322,4,1,4,86,entry,97,109.9,3977
Env1,2019,119,323,2,1,2,72,entry,102,136.9,3809
Env1,2019,293,324,4,1,4,88,entry,134,118,5838
Env1,2019,254,325,3,1,3,64,entry,123,116.8,4593
Env1,2019,167,326,2,1,2,24,entry,121,145.3,5038
Env1,2019,93,327,1,1,1,93,entry,135,142.2,4752
Env1,2019,229,328,3,1,3,39,entry,93,92.5,4670
Env1,2019,158,329,2,1,2,33,entry,98,105.4,2948
Env1,2019,286,330,4,1,4,95,entry,97,110.2,3234
Env1,2019,84,331,1,1,1,84,entry,98,112.7,4279
Env1,2019,127,332,2,1,2,64,entry,95,108,4021
Env1,2019,75,333,1,1,1,75,check,92,87.9,2219
Env1,2019,168,333,2,2,2,23,check,92,90.2,2208
Env1,2019,203,333,3,3,3,13,check,91,87.9,2277
Env1,2019,360,333,4,4,4,21,check,93,91,2112
Env1,2019,70,334,1,1,1,70,check,119,100.9,5698
Env1,2019,146,334,2,2,2,45,check,120,96.8,5981
Env1,2019,250,334,3,3,3,60,check,118,99.8,6190
Env1,2019,357,334,4,4,4,24,check,123,96.5,6369
Env1,2019,62,335,1,1,1,62,check,118,97.5,3955
Env1,2019,117,335,2,2,2,74,check,122,99.8,4155
Env1,2019,253,335,3,3,3,63,check,123,93.4,4037
Env1,2019,288,335,4,4,4,93,check,120,95.4,3974
Env1,2019,81,336,1,1,1,81,check,101,108.5,4037
Env1,2019,120,336,2,2,2,71,check,100,104.3,4672
Env1,2019,212,336,3,3,3,22,check,102,105,4612
Env1,2019,311,336,4,4,4,70,check,103,103.4,3897
Env1,2019,18,337,1,1,1,18,check,92,129.9,3586
Env1,2019,142,337,2,2,2,49,check,89,122.2,3429
Env1,2019,217,337,3,3,3,27,check,93,120.3,3603
Env1,2019,315,337,4,4,4,66,check,94,118.4,3482
Env1,2019,91,338,1,1,1,91,check,109,102.6,4532
Env1,2019,136,338,2,2,2,55,check,107,102.7,4037
Env1,2019,247,338,3,3,3,57,check,107,104.6,4191
Env1,2019,316,338,4,4,4,65,check,108,103.9,3710
Env1,2019,72,339,1,1,1,72,check,131,109.7,4683
Env1,2019,164,339,2,2,2,27,check,129,102.6,4518
Env1,2019,193,339,3,3,3,3,check,135,108.4,5121
Env1,2019,328,339,4,4,4,53,check,134,103.9,4568
Env1,2019,14,340,1,1,1,14,check,126,94,4705
Env1,2019,107,340,2,2,2,84,check,126,92,4238
Env1,2019,281,340,3,3,3,91,check,124,93.3,4155
Env1,2019,364,340,4,4,4,17,check,123,99.4,4912
Env1,2019,63,341,1,1,1,63,check,130,100.2,5478
Env1,2019,165,341,2,2,2,26,check,128,96.7,5583
Env1,2019,248,341,3,3,3,58,check,128,97.2,5819
Env1,2019,296,341,4,4,4,85,check,124,99.5,5247
Env1,2019,83,342,1,1,1,83,check,92,87.1,2679
Env1,2019,145,342,2,2,2,46,check,92,84.1,2624
Env1,2019,255,342,3,3,3,65,check,93,84.6,2805
Env1,2019,374,342,4,4,4,7,check,92,102.2,2747
Env1,2019,94,343,1,1,1,94,check,92,106.6,2701
Env1,2019,151,343,2,2,2,40,check,94,99.8,2299
Env1,2019,270,343,3,3,3,80,check,93,101.4,2569
Env1,2019,380,343,4,4,4,1,check,93,99.6,2426
Env1,2019,11,344,1,1,1,11,check,102,103.3,4260
Env1,2019,153,344,2,2,2,38,check,100,104.8,4257
Env1,2019,195,344,3,3,3,5,check,99,110.8,4436
Env1,2019,332,344,4,4,4,49,check,98,113,4747
Env2,2019,86,1,1,1,1,86,entry,108,98.3,2910
Env2,2019,209,2,3,1,3,19,entry,93,98.7,3127
Env2,2019,181,3,2,1,2,10,entry,86,112.5,3286
Env2,2019,118,4,2,1,2,73,entry,92,99.5,3350
Env2,2019,196,5,3,1,3,6,entry,99,102.5,3262
Env2,2019,339,6,4,1,4,42,entry,90,118.4,3308
Env2,2019,121,7,2,1,2,70,entry,90,115.1,2819
Env2,2019,27,8,1,1,1,27,entry,91,126.7,3190
Env2,2019,219,9,3,1,3,29,entry,97,110.1,3240
Env2,2019,93,10,1,1,1,93,entry,114,111.2,3077
Env2,2019,366,11,4,1,4,15,entry,89,115.2,3064
Env2,2019,174,12,2,1,2,17,entry,88,115.2,2805
Env2,2019,214,13,3,1,3,24,entry,90,121.1,3905
Env2,2019,265,14,3,1,3,75,entry,89,123.2,5071
Env2,2019,138,15,2,1,2,53,entry,97,99.9,3781
Env2,2019,363,16,4,1,4,18,entry,100,117.5,4373
Env2,2019,164,17,2,1,2,27,entry,97,108,3561
Env2,2019,268,18,3,1,3,78,entry,93,101.4,5308
Env2,2019,58,19,1,1,1,58,entry,99,93.6,4276
Env2,2019,151,20,2,1,2,40,entry,96,107.1,5508
Env2,2019,192,21,3,1,3,2,entry,91,100,3336
Env2,2019,185,22,2,1,2,6,entry,90,92.6,3435
Env2,2019,237,23,3,1,3,47,entry,93,113.9,4483
Env2,2019,193,24,3,1,3,3,entry,103,99.1,3658
Env2,2019,125,25,2,1,2,66,entry,101,109.6,3801
Env2,2019,274,26,3,1,3,84,entry,92,99.4,4249
Env2,2019,148,27,2,1,2,43,entry,93,106.7,4067
Env2,2019,8,28,1,1,1,8,entry,93,101,5418
Env2,2019,188,29,2,1,2,3,entry,94,104,3801
Env2,2019,178,30,2,1,2,13,entry,93,116.4,4087
Env2,2019,307,31,4,1,4,74,entry,92,100.9,3473
Env2,2019,208,32,3,1,3,18,entry,93,93.5,3317
Env2,2019,218,33,3,1,3,28,entry,94,111.3,3292
Env2,2019,374,34,4,1,4,7,entry,97,103.8,4895
Env2,2019,349,35,4,1,4,32,entry,90,106.5,3982
Env2,2019,150,36,2,1,2,41,entry,90,102.1,3570
Env2,2019,90,37,1,1,1,90,entry,107,90.5,2225
Env2,2019,258,38,3,1,3,68,entry,92,93.2,2789
Env2,2019,133,39,2,1,2,58,entry,100,111.9,4007
Env2,2019,91,40,1,1,1,91,entry,92,107.1,3891
Env2,2019,40,41,1,1,1,40,entry,96,109.5,4623
Env2,2019,145,42,2,1,2,46,entry,98,105.2,4188
Env2,2019,373,43,4,1,4,8,entry,97,99.7,4485
Env2,2019,222,44,3,1,3,32,entry,100,107.2,4606
Env2,2019,297,45,4,1,4,84,entry,89,144.5,3647
Env2,2019,369,46,4,1,4,12,entry,89,100,4318
Env2,2019,115,47,2,1,2,76,entry,97,107.7,4191
Env2,2019,49,48,1,1,1,49,entry,95,96.5,4331
Env2,2019,276,49,3,1,3,86,entry,90,106,3718
Env2,2019,342,50,4,1,4,39,entry,90,102.4,2082
Env2,2019,38,51,1,1,1,38,entry,93,102.2,4065
Env2,2019,333,52,4,1,4,48,entry,90,101.9,3660
Env2,2019,23,53,1,1,1,23,entry,92,96.5,3869
Env2,2019,2,54,1,1,1,2,entry,94,110.3,3416
Env2,2019,169,55,2,1,2,22,entry,96,99.3,4246
Env2,2019,75,56,1,1,1,75,entry,96,106.7,4362
Env2,2019,39,57,1,1,1,39,entry,90,98.8,3361
Env2,2019,216,58,3,1,3,26,entry,91,103.8,3674
Env2,2019,103,59,2,1,2,88,entry,96,113.3,3669
Env2,2019,247,60,3,1,3,57,entry,93,107.7,4056
Env2,2019,177,61,2,1,2,14,entry,90,116.1,4021
Env2,2019,347,62,4,1,4,34,entry,110,114.4,5440
Env2,2019,320,63,4,1,4,61,entry,124,126.4,4133
Env2,2019,226,64,3,1,3,36,entry,94,133.9,3710
Env2,2019,325,65,4,1,4,56,entry,126,101.1,4378
Env2,2019,299,66,4,1,4,82,entry,124,156.9,2805
Env2,2019,129,67,2,1,2,62,entry,125,106.8,5143
Env2,2019,88,68,1,1,1,88,entry,117,117.8,3564
Env2,2019,337,69,4,1,4,44,entry,111,126.6,5638
Env2,2019,263,70,3,1,3,73,entry,92,131.6,4353
Env2,2019,6,71,1,1,1,6,entry,121,129.4,4098
Env2,2019,64,72,1,1,1,64,entry,121,126.5,4180
Env2,2019,95,73,1,1,1,95,entry,115,130.1,3900
Env2,2019,29,74,1,1,1,29,entry,114,135.3,4769
Env2,2019,172,75,2,1,2,19,entry,126,114,3380
Env2,2019,36,76,1,1,1,36,entry,131,101.9,4386
Env2,2019,229,77,3,1,3,39,entry,100,124.5,5222
Env2,2019,24,78,1,1,1,24,entry,113,106.7,4719
Env2,2019,283,79,3,1,3,93,entry,104,114.3,4362
Env2,2019,127,80,2,1,2,64,entry,110,106.9,3270
Env2,2019,113,81,2,1,2,78,entry,104,111.5,4048
Env2,2019,171,82,2,1,2,20,entry,99,125.5,3418
Env2,2019,76,83,1,1,1,76,entry,109,113.2,4048
Env2,2019,54,84,1,1,1,54,entry,101,97.8,4538
Env2,2019,338,85,4,1,4,43,entry,100,115.1,4595
Env2,2019,123,86,2,1,2,68,entry,102,101.8,3729
Env2,2019,330,87,4,1,4,51,entry,109,128.1,5789
Env2,2019,292,88,4,1,4,89,entry,97,119.4,5772
Env2,2019,141,89,2,1,2,50,entry,110,114.6,4488
Env2,2019,255,90,3,1,3,65,entry,100,105,3869
Env2,2019,350,91,4,1,4,31,entry,138,106.8,3066
Env2,2019,67,92,1,1,1,67,entry,136,103.8,4813
Env2,2019,176,93,2,1,2,15,entry,118,149.1,4725
Env2,2019,142,94,2,1,2,49,entry,117,141.5,4538
Env2,2019,126,95,2,1,2,65,entry,116,129.9,5132
Env2,2019,210,96,3,1,3,20,entry,108,130.4,4012
Env2,2019,351,97,4,1,4,30,entry,124,136.7,5272
Env2,2019,377,98,4,1,4,4,entry,119,132.6,3999
Env2,2019,162,99,2,1,2,29,entry,116,120.6,3889
Env2,2019,236,100,3,1,3,46,entry,103,121.7,4345
Env2,2019,250,101,3,1,3,60,entry,115,115.5,3149
Env2,2019,275,102,3,1,3,85,entry,97,130,4065
Env2,2019,281,103,3,1,3,91,entry,96,138.1,3168
Env2,2019,223,104,3,1,3,33,entry,97,113,4799
Env2,2019,203,105,3,1,3,13,entry,103,115.9,4557
Env2,2019,371,106,4,1,4,10,entry,96,109.8,4491
Env2,2019,361,107,4,1,4,20,entry,97,113,5929
Env2,2019,104,108,2,1,2,87,entry,125,134,4595
Env2,2019,364,109,4,1,4,17,entry,97,105.4,4326
Env2,2019,235,110,3,1,3,45,entry,93,132,5632
Env2,2019,61,111,1,1,1,61,entry,95,105.9,4345
Env2,2019,165,112,2,1,2,26,entry,103,95.6,3677
Env2,2019,190,113,2,1,2,1,entry,108,105.4,3127
Env2,2019,271,114,3,1,3,81,entry,105,141.7,7538
Env2,2019,130,115,2,1,2,61,entry,108,116,4436
Env2,2019,65,116,1,1,1,65,entry,89,91,2060
Env2,2019,224,117,3,1,3,34,entry,110,102.7,3407
Env2,2019,31,118,1,1,1,31,entry,104,99.3,3306
Env2,2019,28,119,1,1,1,28,entry,102,106.8,4521
Env2,2019,163,120,2,1,2,28,entry,96,103.8,3550
Env2,2019,180,121,2,1,2,11,entry,92,118.4,4700
Env2,2019,109,122,2,1,2,82,entry,103,109.1,4639
Env2,2019,11,123,1,1,1,11,entry,89,98,4744
Env2,2019,293,124,4,1,4,88,entry,116,133.8,5170
Env2,2019,70,125,1,1,1,70,entry,121,119.8,4799
Env2,2019,97,126,2,1,2,94,entry,91,103.6,3891
Env2,2019,80,127,1,1,1,80,entry,102,115.3,4340
Env2,2019,287,128,4,1,4,94,entry,93,121.7,2736
Env2,2019,87,129,1,1,1,87,entry,94,101,4628
Env2,2019,251,130,3,1,3,61,entry,103,91.1,3691
Env2,2019,41,131,1,1,1,41,entry,102,101.5,3633
Env2,2019,131,132,2,1,2,60,entry,103,106.6,4590
Env2,2019,284,133,3,1,3,94,entry,110,103.2,3968
Env2,2019,240,134,3,1,3,50,entry,97,109.9,3825
Env2,2019,354,135,4,1,4,27,entry,97,123.5,6314
Env2,2019,17,136,1,1,1,17,entry,89,96.4,3176
Env2,2019,155,137,2,1,2,36,entry,108,102.1,4876
Env2,2019,296,138,4,1,4,85,entry,97,131.7,5101
Env2,2019,149,139,2,1,2,42,entry,99,104.9,4469
Env2,2019,241,140,3,1,3,51,entry,93,114.1,4188
Env2,2019,243,141,3,1,3,53,entry,92,94.7,4304
Env2,2019,106,142,2,1,2,85,entry,97,114.8,3941
Env2,2019,111,143,2,1,2,80,entry,98,111.7,5418
Env2,2019,291,144,4,1,4,90,entry,89,108.9,4144
Env2,2019,252,145,3,1,3,62,entry,100,98.6,3850
Env2,2019,107,146,2,1,2,84,entry,116,123.4,5148
Env2,2019,270,147,3,1,3,80,entry,89,124,4656
Env2,2019,262,148,3,1,3,72,entry,93,114.4,3498
Env2,2019,344,149,4,1,4,37,entry,90,111,2830
Env2,2019,335,150,4,1,4,46,entry,97,123.3,4175
Env2,2019,1,151,1,1,1,1,entry,109,98.9,4777
Env2,2019,179,152,2,1,2,12,entry,108,129,5698
Env2,2019,200,153,3,1,3,10,entry,105,103.4,4903
Env2,2019,79,154,1,1,1,79,entry,108,112.7,4848
Env2,2019,140,155,2,1,2,51,entry,108,97,3817
Env2,2019,62,156,1,1,1,62,entry,102,108.9,4562
Env2,2019,301,157,4,1,4,80,entry,93,120.2,3946
Env2,2019,312,158,4,1,4,69,entry,103,121.4,4480
Env2,2019,290,159,4,1,4,91,entry,90,114.4,5486
Env2,2019,254,160,3,1,3,64,entry,92,110.9,3814
Env2,2019,81,161,1,1,1,81,entry,96,111,4835
Env2,2019,277,162,3,1,3,87,entry,92,110.1,4216
Env2,2019,42,163,1,1,1,42,entry,91,104.8,3963
Env2,2019,215,164,3,1,3,25,entry,103,103,4763
Env2,2019,233,165,3,1,3,43,entry,102,108.8,5858
Env2,2019,303,166,4,1,4,78,entry,91,139.9,3589
Env2,2019,108,167,2,1,2,83,entry,99,121.5,5698
Env2,2019,355,168,4,1,4,26,entry,90,123.2,5115
Env2,2019,323,169,4,1,4,58,entry,96,130,5918
Env2,2019,20,170,1,1,1,20,entry,96,108.3,5415
Env2,2019,324,171,4,1,4,57,entry,98,126.1,5313
Env2,2019,136,172,2,1,2,55,entry,100,101.5,2998
Env2,2019,249,173,3,1,3,59,entry,93,104.2,2706
Env2,2019,34,174,1,1,1,34,entry,109,115.5,4780
Env2,2019,310,175,4,1,4,71,entry,97,107,4483
Env2,2019,202,176,3,1,3,12,entry,103,101,4084
Env2,2019,358,177,4,1,4,23,entry,92,121,1815
Env2,2019,147,178,2,1,2,44,entry,101,100.3,4854
Env2,2019,47,179,1,1,1,47,entry,105,107.1,4158
Env2,2019,378,180,4,1,4,3,entry,89,119.4,5500
Env2,2019,153,181,2,1,2,38,entry,99,117.9,3960
Env2,2019,273,182,3,1,3,83,entry,101,113.2,4983
Env2,2019,48,183,1,1,1,48,entry,85,73.2,1944
Env2,2019,322,184,4,1,4,59,entry,100,108.6,4634
Env2,2019,26,185,1,1,1,26,entry,98,103.5,3886
Env2,2019,175,186,2,1,2,16,entry,102,115.9,4881
Env2,2019,105,187,2,1,2,86,entry,97,103,4026
Env2,2019,367,188,4,1,4,14,entry,92,114,4854
Env2,2019,53,189,1,1,1,53,entry,96,103,4282
Env2,2019,285,190,3,1,3,95,entry,96,114.7,5357
Env2,2019,44,191,1,1,1,44,entry,96,109.1,3152
Env2,2019,157,192,2,1,2,34,entry,97,113.6,3234
Env2,2019,380,193,4,1,4,1,entry,97,126.1,5858
Env2,2019,326,194,4,1,4,55,entry,89,125.7,3325
Env2,2019,168,195,2,1,2,23,entry,103,106.9,3957
Env2,2019,173,196,2,1,2,18,entry,102,118.1,4087
Env2,2019,266,197,3,1,3,76,entry,89,118.1,4169
Env2,2019,128,198,2,1,2,63,entry,93,87.1,2178
Env2,2019,205,199,3,1,3,15,entry,99,109.7,3790
Env2,2019,238,200,3,1,3,48,entry,120,105.3,5407
Env2,2019,309,201,4,1,4,72,entry,91,95.1,3297
Env2,2019,279,202,3,1,3,89,entry,123,96.6,4037
Env2,2019,207,203,3,1,3,17,entry,109,103.6,4777
Env2,2019,269,204,3,1,3,79,entry,93,116.2,4890
Env2,2019,9,205,1,1,1,9,entry,100,107.5,4527
Env2,2019,305,206,4,1,4,76,entry,92,114,3149
Env2,2019,353,207,4,1,4,28,entry,102,126.3,5632
Env2,2019,45,208,1,1,1,45,entry,102,97.3,2434
Env2,2019,13,209,1,1,1,13,entry,96,110.8,3625
Env2,2019,357,210,4,1,4,24,entry,96,104.6,5005
Env2,2019,278,211,3,1,3,88,entry,96,116.4,4007
Env2,2019,370,212,4,1,4,11,entry,90,104.9,3726
Env2,2019,379,213,4,1,4,2,entry,84,102.1,1634
Env2,2019,362,214,4,1,4,19,entry,97,97.9,4733
Env2,2019,14,215,1,1,1,14,entry,89,89.1,1851
Env2,2019,4,216,1,1,1,4,entry,89,95.9,2976
Env2,2019,272,217,3,1,3,82,entry,88,106,3806
Env2,2019,74,218,1,1,1,74,entry,96,91.8,3952
Env2,2019,60,219,1,1,1,60,entry,98,95.1,3787
Env2,2019,213,220,3,1,3,23,entry,97,118.3,4293
Env2,2019,340,221,4,1,4,41,entry,104,167.2,2965
Env2,2019,256,222,3,1,3,66,entry,93,110.4,3020
Env2,2019,230,223,3,1,3,40,entry,93,118.7,4862
Env2,2019,101,224,2,1,2,90,entry,96,93.3,2874
Env2,2019,245,225,3,1,3,55,entry,90,112.3,3124
Env2,2019,183,226,2,1,2,8,entry,93,102.4,3685
Env2,2019,321,227,4,1,4,60,entry,97,119.4,5734
Env2,2019,206,228,3,1,3,16,entry,105,102.1,4969
Env2,2019,100,229,2,1,2,91,entry,103,109.7,4422
Env2,2019,314,230,4,1,4,67,entry,96,102.4,3803
Env2,2019,52,231,1,1,1,52,entry,98,87.8,3152
Env2,2019,365,232,4,1,4,16,entry,92,107,4133
Env2,2019,161,233,2,1,2,30,entry,86,76,3286
Env2,2019,359,234,4,1,4,22,entry,97,114,5225
Env2,2019,331,235,4,1,4,50,entry,93,109.2,4983
Env2,2019,152,236,2,1,2,39,entry,93,110.9,4664
Env2,2019,120,237,2,1,2,71,entry,109,104.4,3176
Env2,2019,134,238,2,1,2,57,entry,91,90.7,2492
Env2,2019,89,239,1,1,1,89,entry,92,94.2,3520
Env2,2019,55,240,1,1,1,55,entry,90,100.3,3638
Env2,2019,261,241,3,1,3,71,entry,127,128.3,4606
Env2,2019,35,242,1,1,1,35,entry,92,88.6,3861
Env2,2019,98,243,2,1,2,93,entry,95,93,3468
Env2,2019,376,244,4,1,4,5,entry,124,121.5,3985
Env2,2019,66,245,1,1,1,66,entry,93,92.6,3339
Env2,2019,348,246,4,1,4,33,entry,89,97.2,3281
Env2,2019,71,247,1,1,1,71,entry,103,99.5,3850
Env2,2019,227,248,3,1,3,37,entry,124,111.7,4598
Env2,2019,332,249,4,1,4,49,entry,103,101.7,4441
Env2,2019,189,250,2,1,2,2,entry,89,80.3,2063
Env2,2019,25,251,1,1,1,25,entry,112,128.8,2536
Env2,2019,248,252,3,1,3,58,entry,95,102.3,3119
Env2,2019,77,253,1,1,1,77,entry,101,120.6,4216
Env2,2019,212,254,3,1,3,22,entry,97,101,3682
Env2,2019,289,255,4,1,4,92,entry,92,108.7,4298
Env2,2019,146,256,2,1,2,45,entry,92,96.7,3902
Env2,2019,295,257,4,1,4,86,entry,89,108,5561
Env2,2019,19,258,1,1,1,19,entry,91,93.2,3267
Env2,2019,195,259,3,1,3,5,entry,97,94.2,2833
Env2,2019,234,260,3,1,3,44,entry,92,107.8,4879
Env2,2019,159,261,2,1,2,32,entry,97,109.8,3627
Env2,2019,346,262,4,1,4,35,entry,89,114.7,3751
Env2,2019,10,263,1,1,1,10,entry,98,100.9,3592
Env2,2019,37,264,1,1,1,37,entry,96,96.7,4824
Env2,2019,114,265,2,1,2,77,entry,92,95.7,5363
Env2,2019,160,266,2,1,2,31,entry,102,107,4788
Env2,2019,318,267,4,1,4,63,entry,89,99.6,3245
Env2,2019,201,268,3,1,3,11,entry,105,97.2,3691
Env2,2019,231,269,3,1,3,41,entry,90,114.1,5555
Env2,2019,69,270,1,1,1,69,entry,90,109,3966
Env2,2019,85,271,1,1,1,85,entry,93,94.9,4186
Env2,2019,228,272,3,1,3,38,entry,93,116.6,4989
Env2,2019,187,273,2,1,2,4,entry,95,92.9,2772
Env2,2019,184,274,2,1,2,7,entry,97,108.8,3974
Env2,2019,197,275,3,1,3,7,entry,103,108.3,5090
Env2,2019,18,276,1,1,1,18,entry,89,100.5,3322
Env2,2019,154,277,2,1,2,37,entry,97,90,3627
Env2,2019,225,278,3,1,3,35,entry,90,105.5,3806
Env2,2019,119,279,2,1,2,72,entry,96,90.6,3960
Env2,2019,51,280,1,1,1,51,entry,109,111.8,3886
Env2,2019,246,281,3,1,3,56,entry,93,99.1,3427
Env2,2019,50,282,1,1,1,50,entry,101,106.4,3300
Env2,2019,124,283,2,1,2,67,entry,81,90.1,3069
Env2,2019,204,284,3,1,3,14,entry,89,103,3608
Env2,2019,375,285,4,1,4,6,entry,82,112.2,4230
Env2,2019,56,286,1,1,1,56,entry,90,92.8,2684
Env2,2019,300,287,4,1,4,81,entry,89,118,4463
Env2,2019,308,288,4,1,4,73,entry,145,152.3,1749
Env2,2019,102,289,2,1,2,89,entry,145,151.3,2544
Env2,2019,345,290,4,1,4,36,entry,146,125.1,2236
Env2,2019,5,291,1,1,1,5,entry,149,111,1185
Env2,2019,327,292,4,1,4,54,entry,96,133,5101
Env2,2019,117,293,2,1,2,74,entry,155,141.8,4477
Env2,2019,94,294,1,1,1,94,entry,152,155.7,2049
Env2,2019,166,295,2,1,2,25,entry,134,106.4,1972
Env2,2019,329,296,4,1,4,52,entry,142,105.1,3061
Env2,2019,288,297,4,1,4,93,entry,147,121.6,2437
Env2,2019,57,298,1,1,1,57,entry,92,93.1,3207
Env2,2019,211,299,3,1,3,21,entry,86,99,3108
Env2,2019,78,300,1,1,1,78,entry,100,95.1,3924
Env2,2019,7,301,1,1,1,7,entry,89,121.6,3993
Env2,2019,220,302,3,1,3,30,entry,88,102,2992
Env2,2019,73,303,1,1,1,73,entry,96,102.2,3853
Env2,2019,232,304,3,1,3,42,entry,110,101.3,3872
Env2,2019,83,305,1,1,1,83,entry,109,120.5,2382
Env2,2019,16,306,1,1,1,16,entry,89,93.7,3075
Env2,2019,352,307,4,1,4,29,entry,89,108.9,4246
Env2,2019,343,308,4,1,4,38,entry,130,114.7,4348
Env2,2019,198,309,3,1,3,8,entry,122,96.4,2668
Env2,2019,170,310,2,1,2,21,entry,98,104.7,3941
Env2,2019,294,311,4,1,4,87,entry,88,113.1,4109
Env2,2019,286,312,4,1,4,95,entry,92,103.7,4873
Env2,2019,22,313,1,1,1,22,entry,106,109.8,5115
Env2,2019,33,314,1,1,1,33,entry,109,104.8,3729
Env2,2019,96,315,2,1,2,95,entry,103,103.9,4246
Env2,2019,356,316,4,1,4,25,entry,83,120.6,5027
Env2,2019,253,317,3,1,3,63,entry,83,86.4,2841
Env2,2019,328,318,4,1,4,53,entry,97,127.5,5049
Env2,2019,259,319,3,1,3,69,entry,93,96.7,3724
Env2,2019,15,320,1,1,1,15,entry,89,94.2,2090
Env2,2019,306,321,4,1,4,75,entry,89,109.2,3405
Env2,2019,341,322,4,1,4,40,entry,94,107.2,4263
Env2,2019,63,323,1,1,1,63,entry,101,135.7,3968
Env2,2019,143,324,2,1,2,48,entry,133,110.2,4455
Env2,2019,3,325,1,1,1,3,entry,121,110,3537
Env2,2019,319,326,4,1,4,62,entry,121,154,4615
Env2,2019,260,327,3,1,3,70,entry,128,149.1,5396
Env2,2019,122,328,2,1,2,69,entry,90,99.7,3025
Env2,2019,132,329,2,1,2,59,entry,99,109.7,2437
Env2,2019,199,330,3,1,3,9,entry,100,103.4,4001
Env2,2019,368,331,4,1,4,13,entry,92,119,4736
Env2,2019,182,332,2,1,2,9,entry,92,118.5,4991
Env2,2019,59,333,1,1,1,59,check,91,91.7,2879
Env2,2019,110,333,2,2,2,81,check,93,89.8,2910
Env2,2019,221,333,3,3,3,31,check,93,84.7,2822
Env2,2019,298,333,4,4,4,83,check,90,101.4,3055
Env2,2019,68,334,1,1,1,68,check,120,92.8,4741
Env2,2019,99,334,2,2,2,92,check,121,94.6,5517
Env2,2019,217,334,3,3,3,27,check,120,96.9,5533
Env2,2019,311,334,4,4,4,70,check,123,97.1,5415
Env2,2019,92,335,1,1,1,92,check,118,102.1,3297
Env2,2019,116,335,2,2,2,75,check,118,90.5,3735
Env2,2019,242,335,3,3,3,52,check,115,102.3,3933
Env2,2019,316,335,4,4,4,65,check,119,98.6,3495
Env2,2019,30,336,1,1,1,30,check,94,110.7,3897
Env2,2019,144,336,2,2,2,47,check,98,106,3916
Env2,2019,280,336,3,3,3,90,check,97,108,4150
Env2,2019,372,336,4,4,4,9,check,94,102.1,4345
Env2,2019,21,337,1,1,1,21,check,90,115.1,2750
Env2,2019,139,337,2,2,2,52,check,94,124.1,2750
Env2,2019,191,337,3,3,3,1,check,92,120.7,2921
Env2,2019,304,337,4,4,4,77,check,90,122.3,2816
Env2,2019,43,338,1,1,1,43,check,106,115.2,3652
Env2,2019,158,338,2,2,2,33,check,108,117.5,4010
Env2,2019,282,338,3,3,3,92,check,109,121.8,4133
Env2,2019,315,338,4,4,4,66,check,106,111.7,3707
Env2,2019,46,339,1,1,1,46,check,131,99.3,4320
Env2,2019,186,339,2,2,2,5,check,133,156.2,4150
Env2,2019,239,339,3,3,3,49,check,130,114,4560
Env2,2019,360,339,4,4,4,21,check,130,118.2,4752
Env2,2019,12,340,1,1,1,12,check,121,94.9,3336
Env2,2019,135,340,2,2,2,56,check,125,97.6,3152
Env2,2019,244,340,3,3,3,54,check,120,100.1,3245
Env2,2019,302,340,4,4,4,79,check,120,101.3,3592
Env2,2019,82,341,1,1,1,82,check,125,96.9,5096
Env2,2019,156,341,2,2,2,35,check,112,96,4452
Env2,2019,194,341,3,3,3,4,check,124,92.8,4507
Env2,2019,334,341,4,4,4,47,check,124,104.1,5376
Env2,2019,84,342,1,1,1,84,check,89,96.6,3119
Env2,2019,112,342,2,2,2,79,check,91,84.7,3124
Env2,2019,267,342,3,3,3,77,check,88,107.6,2846
Env2,2019,313,342,4,4,4,68,check,90,87.9,2940
Env2,2019,72,343,1,1,1,72,check,92,99.9,2571
Env2,2019,137,343,2,2,2,54,check,93,94.8,2511
Env2,2019,264,343,3,3,3,74,check,89,106.2,2387
Env2,2019,336,343,4,4,4,45,check,89,106.5,2516
Env2,2019,32,344,1,1,1,32,check,91,109.5,3600
Env2,2019,167,344,2,2,2,24,check,92,105.7,3707
Env2,2019,257,344,3,3,3,67,check,92,108.8,3652
Env2,2019,317,344,4,4,4,64,check,93,111,3963